{
  "cv_macro_f1_mean": 0.6983701364854583,
  "cv_macro_f1_std": 0.01320325197794733,
  "test_macro_f1": 0.714084677016766,
  "test_accuracy": 0.755
}